state,county,population,applicants,d_i,n_i,ia_totalApprovedIhp,fema_per_applicant,num_disasters,disaster_list,x_i_maximin,y_i,pct_need_met,per_applicant_alloc
FL,Alachua County,266501.0,21843.0,10852441.785714284,496.83842813323645,7596709.25,347.7868996932656,1,[4337],0.0,0,0.0,0.0
FL,Baker County,28255.0,2876.0,1735396.6857142856,603.406358036956,1214777.68,422.38445062586925,1,[4337],0.0,0,0.0,0.0
FL,Bradford County,27158.0,3531.0,4164386.9571428574,1179.3789173443379,2915070.87,825.5652421410366,1,[4337],0.0,0,0.0,0.0
FL,Brevard County,588165.0,63790.0,36934704.37142857,579.0046146955411,25854293.06,405.3032302868788,1,[4337],0.0,0,0.0,0.0
FL,Broward County,1935945.0,305899.0,151784127.31428573,496.19033509192815,106248889.12,347.3332345643497,1,[4337],0.0,0,0.0,0.0
FL,Charlotte County,181998.0,14567.0,7505063.114285715,515.209934391825,5253544.180000001,360.6469540742775,1,[4337],0.0,0,0.0,0.0
FL,Citrus County,145619.0,14247.0,6640714.114285714,466.11315464909904,4648499.88,326.27920825436934,1,[4337],0.0,0,0.0,0.0
FL,Clay County,212381.0,15679.0,14229138.085714286,907.5284192687216,9960396.66,635.2698934881051,1,[4337],0.0,0,0.0,0.0
FL,Collier County,373286.0,71866.0,51074698.62857143,710.6934938437012,35752289.04,497.48544569059084,1,[4337],0.0,0,0.0,0.0
FL,Columbia County,70051.0,8073.0,4206773.4,521.0917131178002,2944741.38,364.76419918246006,1,[4337],0.0,0,0.0,0.0
FL,DeSoto County,37159.0,4445.0,4737440.442857144,1065.7908757833845,3316208.31,746.053613048369,1,[4337],0.0,0,0.0,0.0
FL,Dixie County,16609.0,1922.0,1187861.3857142858,618.0340196224172,831502.97,432.62381373569195,1,[4337],0.0,0,0.0,0.0
FL,Duval County,939167.0,111344.0,63496192.08571429,570.2704419251535,44447334.46,399.18930934760743,1,[4337],0.0,0,0.0,0.0
FL,Flagler County,110316.0,9083.0,7491963.285714285,824.8335666315409,5244374.3,577.3834966420786,1,[4337],0.0,0,0.0,0.0
FL,Gilchrist County,17899.0,1565.0,800904.3285714287,511.75995435874034,560633.03,358.2319680511182,1,[4337],0.0,0,0.0,0.0
FL,Glades County,13591.0,1754.0,1506281.1714285712,858.7691969376119,1054396.8199999998,601.1384378563283,1,[4337],0.0,0,0.0,0.0
FL,Hamilton County,14397.0,619.0,261792.9,422.9287560581583,183255.03,296.0501292407108,1,[4337],0.0,0,0.0,0.0
FL,Hardee County,27172.0,4057.0,3840218.2571428576,946.5659988027749,2688152.7800000003,662.5961991619424,1,[4337],0.0,0,0.0,0.0
FL,Hendry County,41074.0,8124.0,6586528.328571429,810.7494249841739,4610569.83,567.5245974889217,1,[4337],0.0,0,0.0,0.0
FL,Hernando County,186899.0,15078.0,8577773.885714287,568.8933469766738,6004441.720000001,398.2253428836716,1,[4337],0.0,0,0.0,0.0
FL,Highlands County,103828.0,23431.0,14075287.085714288,600.7121798350172,9852700.96,420.498525884512,1,[4337],0.0,0,0.0,0.0
FL,Hillsborough County,1428960.0,129264.0,55954111.04285714,432.8669315730377,39167877.73,303.00685210112636,1,[4337],0.0,0,0.0,0.0
FL,Indian River County,154260.0,11238.0,5860555.042857143,521.4944868176849,4102388.53,365.04614077237943,1,[4337],0.0,0,0.0,0.0
FL,Lafayette County,8603.0,971.0,465245.5142857143,479.1405914373989,325671.86,335.39841400617917,1,[4337],0.0,0,0.0,0.0
FL,Lake County,345848.0,38491.0,16752349.471428571,435.2277018375353,11726644.63,304.65939128627474,1,[4337],0.0,0,0.0,0.0
FL,Lee County,741188.0,125234.0,73530728.2,587.1466870019324,51471509.74,411.0026809013527,1,[4337],0.0,0,0.0,0.0
FL,Levy County,40339.0,4283.0,1836407.4857142856,428.7666322003936,1285485.24,300.1366425402755,1,[4337],0.0,0,0.0,0.0
FL,Manatee County,385458.0,30821.0,14856351.171428572,482.02041372533574,10399445.82,337.414289607735,1,[4337],0.0,0,0.0,0.0
FL,Marion County,353953.0,48635.0,27082699.5,556.8561632569138,18957889.65,389.79931427983956,1,[4337],0.0,0,0.0,0.0
FL,Martin County,159716.0,8219.0,3726762.9857142856,453.432654302748,2608734.09,317.40285801192357,1,[4337],0.0,0,0.0,0.0
FL,Miami-Dade County,2709126.0,596034.0,318999569.4571429,535.2036451899437,223299698.62,374.64255163296053,1,[4337],0.0,0,0.0,0.0
FL,Monroe County,76556.0,39479.0,95521739.85714288,2419.5582425376247,66865217.900000006,1693.690769776337,1,[4337],0.0,0,0.0,0.0
FL,Nassau County,83024.0,6391.0,4301328.342857143,673.0290006035273,3010929.84,471.1203004224691,1,[4337],0.0,0,0.0,0.0
FL,Okeechobee County,41248.0,5255.0,3142115.457142857,597.9287263830365,2199480.82,418.5501084681256,1,[4337],0.0,0,0.0,0.0
FL,Orange County,1357720.0,162422.0,68368468.30000001,420.93108261196153,47857927.81,294.65175782837304,1,[4337],0.0,0,0.0,0.0
FL,Osceola County,353306.0,36527.0,15419160.17142857,422.13048351708517,10793412.12,295.49133846195963,1,[4337],0.0,0,0.0,0.0
FL,Palm Beach County,1470583.0,158081.0,80968664.84285715,512.1973218973637,56678065.39,358.53812532815454,1,[4337],0.0,0,0.0,0.0
FL,Pasco County,525533.0,47515.0,23777566.542857144,500.4223201695705,16644296.58,350.2956241186994,1,[4337],0.0,0,0.0,0.0
FL,Pinellas County,968886.0,145023.0,65467423.92857143,451.42786956945747,45827196.75,315.9995086986202,1,[4337],0.0,0,0.0,0.0
FL,Polk County,685790.0,102837.0,57410430.0,558.2662854809067,40187301.0,390.7863998366347,1,[4337],0.0,0,0.0,0.0
FL,Putnam County,73418.0,14001.0,9666087.971428571,690.3855418490516,6766261.58,483.26987929433614,1,[4337],0.0,0,0.0,0.0
FL,Sarasota County,420073.0,30599.0,14806186.07142857,483.8781029258659,10364330.25,338.71467204810614,1,[4337],0.0,0,0.0,0.0
FL,Seminole County,463052.0,56959.0,28802119.32857143,505.6640623706777,20161483.53,353.96484365947435,1,[4337],0.0,0,0.0,0.0
FL,St. Johns County,244067.0,12344.0,9274265.871428572,751.3177147949264,6491986.11,525.9224003564485,1,[4337],0.0,0,0.0,0.0
FL,St. Lucie County,313207.0,32878.0,17770773.485714287,540.5065236849653,12439541.44,378.3545665794756,1,[4337],0.0,0,0.0,0.0
FL,Sumter County,125298.0,7081.0,4005315.6142857145,565.6426513607844,2803720.93,395.9498559525491,1,[4337],0.0,0,0.0,0.0
FL,Suwannee County,44125.0,5191.0,2317199.385714285,446.3878608580784,1622039.5699999998,312.47150260065496,1,[4337],0.0,0,0.0,0.0
FL,Union County,15455.0,1320.0,670589.2714285714,508.02217532467535,469412.49,355.6155227272727,1,[4337],0.0,0,0.0,0.0
FL,Volusia County,538755.0,62207.0,35680254.72857143,573.5729858146419,24976178.31,401.5010900702493,2,"[4337, 4338]",0.0,0,0.0,0.0
GA,Bulloch County,76046.0,2.0,0.0,0.0,0.0,0.0,1,[4337],0.0,0,,0.0
GA,Camden County,53211.0,4846.0,3310307.1857142854,683.1009462885443,2317215.03,478.17066240198096,1,[4338],0.0,0,0.0,0.0
GA,Charlton County,12779.0,731.0,416981.1285714285,570.4256204807504,291886.79,399.29793433652526,1,[4338],0.0,0,0.0,0.0
GA,Chatham County,289771.0,22735.0,6932444.114285714,304.9238669138207,4852710.88,213.4467068396745,2,"[4337, 4338]",0.0,0,0.0,0.0
GA,Coffee County,42871.0,681.0,317129.8571428572,465.6826096077198,221990.9,325.9778267254038,1,[4338],0.0,0,0.0,0.0
GA,Dougherty County,89537.0,1.0,0.0,0.0,0.0,0.0,1,[4337],0.0,0,,0.0
GA,Glynn County,84836.0,11081.0,6590321.742857144,594.7407041654313,4613225.220000001,416.31849291580187,1,[4338],0.0,0,0.0,0.0
GA,Liberty County,61819.0,2088.0,1018757.3714285716,487.91061850027376,713130.16,341.5374329501916,1,[4338],0.0,0,0.0,0.0
GA,McIntosh County,14092.0,1552.0,899063.8428571428,579.2937131811487,629344.69,405.50559922680407,1,[4338],0.0,0,0.0,0.0
PR,Adjuntas,18503.0,5668.0,29916677.125,5278.171687544107,11966670.85,2111.2686750176426,1,[4339],29916677.125,1,100.0,5278.171687544107
PR,Aguada,39260.0,12603.0,46281740.875,3672.279685392367,18512696.35,1468.9118741569469,1,[4339],0.0,0,0.0,0.0
PR,Aguadilla,56765.0,17500.0,40633246.6,2321.899805714286,16253298.64,928.7599222857143,1,[4339],0.0,0,0.0,0.0
PR,Aguas Buenas,25515.0,8043.0,31362651.125,3899.3722647022255,12545060.45,1559.74890588089,1,[4339],31362651.125,1,100.0,3899.3722647022255
PR,Aibonito,25030.0,8216.0,43323548.2,5273.0706183057455,17329419.28,2109.228247322298,1,[4339],43323548.2,1,100.0,5273.0706183057455
PR,Anasco,26645.0,9114.0,42565419.97500001,4670.333550032918,17026167.990000002,1868.1334200131669,2,"[4337, 4339]",0.0,0,0.0,0.0
PR,Arecibo,90083.0,29859.0,102470845.35,3431.8244197729327,40988338.14,1372.7297679091732,1,[4339],102470845.35,1,100.0,3431.8244197729327
PR,Arroyo,16888.0,5913.0,24219554.725,4095.984225435481,9687821.89,1638.3936901741927,1,[4339],24219554.725,1,100.0,4095.984225435481
PR,Barceloneta,23364.0,8321.0,31443718.8,3778.838937627689,12577487.52,1511.5355750510755,1,[4339],31443718.8,1,100.0,3778.838937627689
PR,Barranquitas,29466.0,9848.0,54056463.975,5489.08041988221,21622585.59,2195.6321679528837,1,[4339],54056463.975,1,100.0,5489.08041988221
PR,Bayamon,191556.0,63254.0,122425757.1,1935.4626916874822,48970302.84,774.185076674993,1,[4339],0.0,0,0.0,0.0
PR,Cabo Rojo,48455.0,14291.0,16892577.975,1182.0431023021483,6757031.19,472.8172409208593,1,[4339],0.0,0,0.0,0.0
PR,Caguas,131805.0,42621.0,97671568.025,2291.6301359658387,39068627.21,916.6520543863354,1,[4339],0.0,0,0.0,0.0
PR,Camuy,33505.0,10439.0,24168722.7,2315.233518536258,9667489.08,926.0934074145033,1,[4339],0.0,0,0.0,0.0
PR,Canovanas,44034.0,16800.0,94625038.25000001,5632.4427529761915,37850015.300000004,2252.9771011904763,2,"[4336, 4339]",0.0,0,0.0,0.0
PR,Carolina,160905.0,52065.0,74638809.075,1433.569750792279,29855523.63,573.4279003169115,1,[4339],0.0,0,0.0,0.0
PR,Catano,24532.0,7972.0,22528078.225,2825.9004296287007,9011231.29,1130.3601718514801,2,"[4336, 4339]",22528078.225,1,100.0,2825.9004296287007
PR,Cayey,43477.0,14482.0,53209837.25,3674.205030382544,21283934.9,1469.6820121530175,1,[4339],0.0,0,0.0,0.0
PR,Ceiba,11961.0,4091.0,14181535.175,3466.5204534343684,5672614.069999999,1386.6081813737471,1,[4339],14181535.175,1,100.0,3466.5204534343684
PR,Ciales,17539.0,6049.0,38111658.025000006,6300.489010580262,15244663.21,2520.1956042321044,1,[4339],38111658.025000006,1,100.0,6300.489010580262
PR,Cidra,41094.0,13318.0,45685720.05,3430.37393377384,18274288.02,1372.149573509536,1,[4339],45685720.05,1,100.0,3430.37393377384
PR,Coamo,36250.0,12203.0,42675174.55,3497.105183151684,17070069.82,1398.8420732606737,1,[4339],42675174.55,1,100.0,3497.105183151684
PR,Comerio,19502.0,6583.0,44327658.875,6733.65621677047,17731063.55,2693.462486708188,1,[4339],44327658.875,1,100.0,6733.65621677047
PR,Corozal,35371.0,11230.0,64071933.575,5705.425963935886,25628773.43,2282.1703855743544,1,[4339],64071933.575,1,100.0,5705.425963935886
PR,Culebra,1824.0,777.0,4122047.825,5305.0808558558565,1648819.13,2122.0323423423424,2,"[4336, 4339]",4122047.825,1,100.0,5305.0808558558565
PR,Dorado,36721.0,11503.0,43764101.9,3804.581578718595,17505640.759999998,1521.8326314874378,2,"[4336, 4339]",0.0,0,0.0,0.0
PR,Fajardo,33408.0,12071.0,22921832.7,1898.9174633418938,9168733.08,759.5669853367575,3,"[4336, 4337, 4339]",0.0,0,0.0,0.0
PR,Florida,12058.0,4183.0,16150752.025,3861.0451888596704,6460300.81,1544.4180755438679,1,[4339],16150752.025,1,100.0,3861.0451888596704
PR,Guanica,15372.0,5783.0,11135565.75,1925.5690385613004,4454226.3,770.2276154245201,1,[4339],0.0,0,0.0,0.0
PR,Guayama,39225.0,12803.0,64461069.500000015,5034.8410138248855,25784427.800000004,2013.9364055299543,2,"[4337, 4339]",64461069.5,1,99.99999999999997,5034.841013824885
PR,Guayanilla,18798.0,6459.0,16545886.15,2561.679230531042,6618354.46,1024.6716922124167,1,[4339],16545886.15,1,100.0,2561.679230531042
PR,Guaynabo,91928.0,28010.0,55213430.650000006,1971.2042359871477,22085372.26,788.481694394859,1,[4339],0.0,0,0.0,0.0
PR,Gurabo,42119.0,12837.0,31508223.0,2454.4849263846695,12603289.2,981.7939705538677,1,[4339],0.0,0,0.0,0.0
PR,Hatillo,39540.0,11252.0,33355615.85,2964.4166237113404,13342246.34,1185.7666494845362,1,[4339],0.0,0,0.0,0.0
PR,Hormigueros,16131.0,5116.0,6820513.75,1333.1731333072712,2728205.5,533.2692533229085,1,[4339],0.0,0,0.0,0.0
PR,Humacao,53084.0,18853.0,83064522.25,4405.904749907177,33225808.9,1762.3618999628704,2,"[4337, 4339]",83064522.25,1,100.0,4405.904749907177
PR,Isabela,43711.0,12659.0,33176349.2,2620.771719725097,13270539.68,1048.3086878900388,1,[4339],33176349.2,1,100.0,2620.771719725097
PR,Jayuya,15334.0,4927.0,23604811.05,4790.909488532576,9441924.42,1916.3637954130302,1,[4339],23604811.05,1,100.0,4790.909488532576
PR,Juana Diaz,47816.0,15698.0,56406583.75,3593.233771818066,22562633.5,1437.2935087272265,2,"[4337, 4339]",56406583.75,1,100.0,3593.233771818066
PR,Juncos,38064.0,13116.0,42797928.075,3263.032027676121,17119171.23,1305.2128110704484,1,[4339],42797928.075,1,100.0,3263.032027676121
PR,Lajas,24005.0,7558.0,11550763.900000002,1528.2831304577933,4620305.5600000005,611.3132521831172,1,[4339],0.0,0,0.0,0.0
PR,Lares,28822.0,8351.0,21321901.825000003,2553.215402347025,8528760.73,1021.2861609388098,1,[4339],21321901.825000003,1,100.0,2553.215402347025
PR,Las Marias,9181.0,2869.0,9447589.2,3292.9903102126173,3779035.68,1317.1961240850471,1,[4339],9447589.2,1,100.0,3292.9903102126173
PR,Las Piedras,36239.0,11984.0,39038187.025,3257.5256195761012,15615274.81,1303.0102478304407,2,"[4337, 4339]",39038187.025,1,100.0,3257.5256195761012
PR,Loiza,25441.0,8542.0,36300109.65,4249.603096464528,14520043.86,1699.8412385858112,2,"[4336, 4339]",36300109.65,1,100.0,4249.603096464528
PR,Luquillo,18432.0,6482.0,14420666.649999999,2224.724876581302,5768266.659999999,889.8899506325207,2,"[4336, 4339]",0.0,0,0.0,0.0
PR,Manati,40805.0,13648.0,41287845.1,3025.1938086166474,16515138.04,1210.0775234466587,1,[4339],41287845.1,1,100.0,3025.1938086166474
PR,Maricao,5156.0,1670.0,6919392.375,4143.348727544911,2767756.95,1657.3394910179643,1,[4339],6919392.375,1,100.0,4143.348727544911
PR,Maunabo,11050.0,3697.0,21968841.525,5942.342852312686,8787536.61,2376.9371409250743,1,[4339],21968841.525,1,100.0,5942.342852312686
PR,Mayaguez,77177.0,24702.0,46205547.325,1870.5184732005507,18482218.93,748.2073892802202,1,[4339],0.0,0,0.0,0.0
PR,Moca,38302.0,11159.0,34161082.225,3061.3031835289903,13664432.89,1224.521273411596,1,[4339],27834566.891927697,1,81.48034277309168,2494.3603272629894
PR,Morovis,29862.0,9802.0,57391254.55000001,5855.055554988779,22956501.820000004,2342.0222219955117,1,[4339],57391254.55,1,99.99999999999997,5855.055554988778
PR,Naguabo,24369.0,8155.0,37531414.6,4602.258074800736,15012565.840000002,1840.9032299202945,1,[4339],37531414.6,1,100.0,4602.258074800736
PR,Naranjito,29656.0,9647.0,58471889.45,6061.147449984452,23388755.78,2424.4589799937808,1,[4339],0.0,0,0.0,0.0
PR,Orocovis,22005.0,7799.0,48663863.275,6239.756798948583,19465545.31,2495.902719579433,1,[4339],48663863.275,1,100.0,6239.756798948583
PR,Patillas,16912.0,6012.0,28908951.3,4808.541467065868,11563580.52,1923.4165868263472,1,[4339],28908951.3,1,100.0,4808.541467065868
PR,Penuelas,21476.0,6390.0,20748308.475,3246.9966314553994,8299323.39,1298.7986525821595,1,[4339],20748308.475,1,100.0,3246.9966314553994
PR,Ponce,145596.0,49843.0,128715662.925,2582.42206378027,51486265.17,1032.968825512108,1,[4339],128715662.925,1,100.0,2582.42206378027
PR,Quebradillas,24271.0,7884.0,14598630.5,1851.6781456113647,5839452.2,740.6712582445459,1,[4339],0.0,0,0.0,0.0
PR,Rincon,15242.0,4660.0,11417030.4,2450.0065236051505,4566812.16,980.0026094420601,1,[4339],0.0,0,0.0,0.0
PR,Rio Grande,49084.0,15927.0,47450604.125,2979.255611540152,18980241.65,1191.7022446160606,1,[4339],47450604.125,1,100.0,2979.255611540152
PR,Sabana Grande,23498.0,7697.0,6699502.850000001,870.4044238014811,2679801.14,348.16176952059243,1,[4339],0.0,0,0.0,0.0
PR,Salinas,27375.0,10039.0,58234515.85,5800.828354417771,23293806.34,2320.3313417671084,1,[4339],58234515.85,1,100.0,5800.828354417771
PR,San German,32917.0,10272.0,12036672.725,1171.7944631035825,4814669.09,468.71778524143303,1,[4339],0.0,0,0.0,0.0
PR,San Juan,356296.0,121922.0,166218520.275,1363.3185173717623,66487408.11,545.327406948705,2,"[4337, 4339]",0.0,0,0.0,0.0
PR,San Lorenzo,38697.0,11941.0,32644058.05,2733.779252156436,13057623.22,1093.5117008625743,1,[4339],32644058.05,1,100.0,2733.779252156436
PR,San Sebastian,40267.0,11709.0,28930917.8,2470.8273806473653,11572367.12,988.330952258946,1,[4339],0.0,0,0.0,0.0
PR,Santa Isabel,21161.0,7578.0,28065373.15,3703.533010029031,11226149.26,1481.4132040116126,1,[4339],28065373.15,1,100.0,3703.533010029031
PR,Toa Alta,69211.0,20926.0,70771951.275,3382.0104785912267,28308780.51,1352.8041914364906,1,[4339],70771951.275,1,100.0,3382.0104785912267
PR,Toa Baja,79330.0,28208.0,139157098.82500002,4933.249391130176,55662839.53,1973.2997564520704,2,"[4336, 4339]",139157098.82500002,1,100.0,4933.249391130176
PR,Trujillo Alto,69817.0,20787.0,41147636.1,1979.4889161495166,16459054.44,791.7955664598065,1,[4339],0.0,0,0.0,0.0
PR,Utuado,29601.0,10051.0,46983944.6,4674.554233409611,18793577.84,1869.8216933638444,1,[4339],46983944.6,1,100.0,4674.554233409611
PR,Vega Alta,36691.0,10823.0,46695427.075,4314.46244802735,18678170.83,1725.7849792109396,1,[4339],46695427.075,1,100.0,4314.46244802735
PR,Vega Baja,55857.0,19532.0,71760921.29999998,3674.01808826541,28704368.52,1469.6072353061643,2,"[4336, 4339]",71760921.3,1,100.00000000000003,3674.0180882654104
PR,Vieques,8577.0,3021.0,26555433.299999997,8790.279145978151,10622173.319999998,3516.111658391261,2,"[4336, 4339]",26555433.3,1,100.00000000000003,8790.279145978153
PR,Villalba,23139.0,7704.0,27335292.85,3548.194814382139,10934117.14,1419.2779257528557,1,[4339],27335292.85,1,100.0,3548.194814382139
PR,Yabucoa,32375.0,10878.0,61984764.7,5698.176567383711,24793905.88,2279.270626953484,1,[4339],61984764.7,1,100.0,5698.176567383711
PR,Yauco,36307.0,13226.0,22699279.225,1716.2618497656133,9079711.69,686.5047399062453,1,[4339],0.0,0,0.0,0.0
SC,Cherokee County,56974.0,1.0,0.0,0.0,0.0,0.0,1,[4337],0.0,0,,0.0
TX,Aransas County,25421.0,13059.0,43611157.08571429,3339.547981140538,30527809.96,2337.683586798377,1,[4332],43611157.08571429,1,100.0,3339.547981140538
TX,Austin County,29729.0,834.0,1722962.7,2065.9025179856117,1206073.89,1446.131762589928,1,[4332],0.0,0,0.0,0.0
TX,Bastrop County,84624.0,765.0,1144866.442857143,1496.5574416433242,801406.51,1047.5902091503267,1,[4332],0.0,0,0.0,0.0
TX,Bee County,32598.0,2280.0,1224189.3571428573,536.9251566416041,856932.55,375.84760964912283,1,[4332],0.0,0,0.0,0.0
TX,Blanco County,11473.0,1.0,714.2857142857143,714.2857142857143,500.0,500.0,1,[4337],0.0,0,0.0,0.0
TX,Brazoria County,362261.0,39903.0,107270550.9714286,2688.282860221753,75089385.68,1881.7980021552266,1,[4332],107270550.97142857,1,99.99999999999997,2688.282860221752
TX,Burnet County,46592.0,1.0,0.0,0.0,0.0,0.0,1,[4337],0.0,0,,0.0
TX,Caldwell County,42302.0,241.0,423322.8000000001,1756.5261410788387,296325.96,1229.5682987551868,1,[4332],0.0,0,0.0,0.0
TX,Calhoun County,21716.0,6213.0,7039526.128571428,1133.0317284035777,4927668.29,793.1222098825044,1,[4332],0.0,0,0.0,0.0
TX,Chambers County,41249.0,6016.0,37037664.571428575,6156.526690729484,25926365.200000003,4309.568683510639,1,[4332],37037664.571428575,1,100.0,6156.526690729484
TX,Colorado County,21301.0,1014.0,2386597.0142857144,2353.645970695971,1670617.91,1647.5521794871795,1,[4332],0.0,0,0.0,0.0
TX,DeWitt County,20164.0,1405.0,1105044.085714286,786.50824605999,773530.8600000001,550.5557722419929,1,[4332],0.0,0,0.0,0.0
TX,Fayette County,25110.0,799.0,7930911.985714287,9926.04754156982,5551638.390000001,6948.233279098874,1,[4332],7930911.985714286,1,99.99999999999999,9926.04754156982
TX,Fort Bend County,768258.0,58179.0,139342422.8857143,2395.063904256077,97539696.02,1676.5447329792537,1,[4332],0.0,0,0.0,0.0
TX,Galveston County,334691.0,44551.0,155857807.14285713,3498.413215031248,109100465.0,2448.8892505218737,1,[4332],0.0,0,0.0,0.0
TX,Goliad County,7559.0,1131.0,985620.8285714284,871.459618542377,689934.58,610.021732979664,1,[4332],0.0,0,0.0,0.0
TX,Gonzales County,20743.0,606.0,430504.5571428572,710.4035596416785,301353.19,497.28249174917494,1,[4332],0.0,0,0.0,0.0
TX,Grimes County,27924.0,401.0,928138.8142857144,2314.5606341289636,649697.17,1620.1924438902745,1,[4332],0.0,0,0.0,0.0
TX,Hardin County,57194.0,10172.0,53038486.55714286,5214.165017414753,37126940.59,3649.915512190327,1,[4332],53038486.557142854,1,99.99999999999999,5214.165017414752
TX,Harris County,4655798.0,447076.0,1115168637.6714284,2494.36032726299,780618046.3699999,1746.052229084093,1,[4332],1115168637.6714287,1,100.00000000000003,2494.3603272629903
TX,Jackson County,14798.0,2356.0,1024555.4285714286,434.87072520009707,717188.8,304.40950764006794,1,[4332],0.0,0,0.0,0.0
TX,Jasper County,35580.0,4278.0,6635545.828571429,1551.0859814332466,4644882.08,1085.7601870032727,1,[4332],0.0,0,0.0,0.0
TX,Jefferson County,255889.0,66942.0,257499130.5,3846.60049744555,180249391.35,2692.620348211885,1,[4332],257499130.5,1,100.0,3846.60049744555
TX,Karnes County,15590.0,383.0,360708.5571428571,941.7977993286087,252495.99,659.2584595300261,1,[4332],0.0,0,0.0,0.0
TX,Kleberg County,30756.0,1354.0,615123.6857142857,454.3010972779067,430586.58,318.01076809453474,1,[4332],0.0,0,0.0,0.0
TX,Lavaca County,20015.0,418.0,200756.11428571428,480.2777853725222,140529.28,336.19444976076556,1,[4332],0.0,0,0.0,0.0
TX,Lee County,17104.0,210.0,418666.3428571428,1993.64925170068,293066.43999999994,1395.554476190476,1,[4332],0.0,0,0.0,0.0
TX,Liberty County,83648.0,10522.0,42928798.31428572,4079.9086023841205,30050158.82,2855.936021668884,1,[4332],38571227.32307157,1,89.849305915083,3665.769561211896
TX,Matagorda County,36848.0,9732.0,8180307.214285715,840.5576669015326,5726215.05,588.3903668310727,1,[4332],0.0,0,0.0,0.0
TX,Montgomery County,571542.0,19176.0,56708062.98571429,2957.241499046427,39695644.09,2070.069049332499,1,[4332],56708062.98571429,1,100.0,2957.241499046427
TX,Newton County,13909.0,1988.0,5899247.4,2967.4282696177065,4129473.18,2077.1997887323946,1,[4332],5899247.4,1,100.0,2967.4282696177065
TX,Nueces County,361328.0,50516.0,26390172.61428571,522.4121588068277,18473120.83,365.6885111647794,1,[4332],0.0,0,0.0,0.0
TX,Orange County,85056.0,28562.0,181811579.9142857,6365.505913951603,127268105.94,4455.854139766123,1,[4332],181811579.91428572,1,100.00000000000003,6365.505913951604
TX,Polk County,48938.0,2234.0,4525097.814285715,2025.5585560813406,3167568.47,1417.8909892569384,1,[4332],0.0,0,0.0,0.0
TX,Refugio County,7178.0,2758.0,7822165.142857143,2836.173003211437,5475515.6,1985.3211022480057,1,[4332],7822165.142857143,1,100.0,2836.173003211437
TX,Sabine County,10422.0,286.0,170100.94285714286,594.7585414585415,119070.66,416.33097902097904,1,[4332],0.0,0,0.0,0.0
TX,San Jacinto County,28233.0,2426.0,11678522.657142855,4813.9005181957355,8174965.859999999,3369.7303627370156,1,[4332],11678522.657142857,1,100.00000000000003,4813.900518195736
TX,San Patricio County,67221.0,16570.0,24569432.92857143,1482.766018622295,17198603.05,1037.9362130356067,1,[4332],0.0,0,0.0,0.0
TX,Tyler County,21498.0,1914.0,3208673.9285714286,1676.42316017316,2246071.75,1173.496212121212,1,[4332],0.0,0,0.0,0.0
TX,Victoria County,92011.0,19589.0,18700162.12857143,954.6256638200739,13090113.489999998,668.2379646740517,1,[4332],0.0,0,0.0,0.0
TX,Walker County,72764.0,1897.0,2407167.4857142856,1268.93383537917,1685017.24,888.253684765419,1,[4332],0.0,0,0.0,0.0
TX,Waller County,51736.0,2332.0,5801734.185714286,2487.879153393776,4061213.93,1741.5154073756432,1,[4332],0.0,0,0.0,0.0
TX,Wharton County,41869.0,5503.0,22063392.77142857,4009.339046234521,15444374.94,2806.5373323641647,1,[4332],22063392.77142857,1,100.0,4009.339046234521
VI,St. Croix,50601.0,16926.0,47306523.4,2794.902717712395,33114566.38,1956.4319023986766,1,[4340],47306523.4,1,100.0,2794.902717712395
VI,St. John,4170.0,2959.0,18161250.385714285,6137.631086757109,12712875.27,4296.341760729976,2,"[4335, 4340]",18161250.385714285,1,100.0,6137.631086757109
VI,St. Thomas,51634.0,18593.0,55811614.38571429,3001.7541217508897,39068130.07000001,2101.227885225623,2,"[4335, 4340]",0.0,0,0.0,0.0
